150.800000	140.200000	Jurassic-Cretaceous
0.3000	0.0114	Rancholabrean
1.8060	0.3000	Irvingtonian
3.6000	2.5880	Piacenzian
5.3320	3.6000	Zanclean
7.2460	5.3320	Messinian
11.6080	7.2460	Tortonian
13.6500	11.6080	Serravallian
15.9700	13.6500	Langhian
20.4300	15.9700	Burdigalian
23.0300	20.4300	Aquitanian
28.4000	23.0300	Chattian
33.9000	28.4000	Rupelian
33.3000	30.8000	Whitneyan
33.9000	33.3000	Orellan
37.2000	33.9000	Priabonian
37.2000	33.9000	Jacksonian
40.4000	37.2000	Bartonian
48.6000	40.4000	Lutetian
55.8000	48.6000	Ypresian
55.5000	50.5000	Wasatchian
56.0000	55.5000	Clarkforkian
58.7000	55.8000	Thanetian
65.5000	61.7000	Danian
65.5000	62.5000	Puercan
70.6000	65.5000	Maastrichtian
83.5000	70.6000	Campanian
85.8000	83.5000	Santonian
89.3000	85.8000	Coniacian
93.5000	89.3000	Turonian
99.6000	93.5000	Cenomanian
112.0000	99.6000	Albian
125.0000	112.0000	Aptian
130.0000	125.0000	Barremian
136.4000	130.0000	Hauterivian
140.2000	136.4000	Valanginian
145.5000	140.2000	Berriasian
150.8000	145.5000	Tithonian
155.7000	150.8000	Kimmeridgian
161.2000	155.7000	Oxfordian
164.7000	161.2000	Callovian
167.7000	164.7000	Bathonian
171.6000	167.7000	Bajocian
175.6000	171.6000	Aalenian
183.0000	175.6000	Toarcian
189.6000	183.0000	Pliensbachian
196.5000	189.6000	Sinemurian
199.6000	196.5000	Hettangian
203.6000	199.6000	Rhaetian
216.5000	203.6000	Norian
228.0000	216.5000	Carnian
237.0000	228.0000	Ladinian
245.0000	237.0000	Anisian
251.0000	245.0000	Scythian
249.7000	245.0000	Olenekian
251.0000	249.7000	Induan
260.4000	251.0000	Tatarian
260.4000	251.0000	Ochoan
270.6000	260.4000	Kazanian
275.6000	270.6000	Kungurian
280.0000	270.6000	Leonardian
284.4000	275.6000	Artinskian
299.0000	280.0000	Wolfcampian
294.6000	284.4000	Sakmarian
299.0000	294.6000	Asselian
303.9000	299.0000	Gzhelian
305.0000	299.0000	Virgilian
306.5000	303.9000	Kasimovian
306.5000	305.0000	Missourian
311.7000	306.5000	Moscovian
308.0000	306.5000	Desmoinian
311.7000	308.0000	Atokan
318.1000	311.7000	Bashkirian
318.1000	311.7000	Morrowan
326.4000	318.1000	Serpukhovian
333.0000	318.1000	Chesterian
345.3000	326.4000	Visean
340.0000	333.0000	Meramecian
348.0000	340.0000	Osagean
359.2000	345.3000	Tournaisian
359.2000	348.0000	Kinderhookian
374.5000	359.2000	Famennian
365.0000	359.2000	Conewangan
374.5000	365.0000	Cassadagan
388.0000	370.0000	Senecan
385.3000	374.5000	Frasnian
379.0000	374.5000	Chemungian
385.3000	379.0000	Fingerlakesian
391.8000	385.3000	Givetian
397.5000	385.3000	Cazenovian
391.8000	385.3000	Tioughniogan
397.5000	391.8000	Eifelian
397.5000	391.8000	Southwoodian
407.0000	397.5000	Emsian
416.0000	397.5000	Helderbergian
407.0000	397.5000	Sawkillian
407.0000	397.5000	Deerparkian
411.2000	407.0000	Siegenian
416.0000	411.2000	Gedinnian
421.3000	416.0000	Cayugan
426.2000	422.9000	Lockportian
443.7000	436.0000	Alexandrian
450.0000	443.7000	Ashgill
450.0000	445.6000	Richmondian
452.0000	450.0000	Maysvillian
460.9000	449.0000	Caradocian
460.9000	449.0000	Caradoc
453.5000	452.0000	Edenian
457.0000	453.5000	Shermanian
458.0000	457.0000	Kirkfield
459.0000	458.0000	Rocklandian
460.9000	459.0000	Blackriverian
464.0000	460.9000	Llandeilo
464.0000	460.9000	Chazyan
471.8000	464.0000	Whiterock
471.8000	464.0000	Llanvirnian
478.6000	471.8000	Arenigian
488.3000	478.6000	Tremadocian
492.5000	488.3000	Trempealeauan
496.8000	492.5000	Franconian
501.0000	496.8000	Dresbachian
251.0000	250.4000	Griesbachian
249.7000	247.4000	Smithian
247.4000	245.0000	Spathian
250.4000	249.7000	Dienerian
260.4000	253.8000	Dzhulfian
2.5880	1.8060	Gelasian
253.8000	251.0000	Changhsingian
260.4000	253.8000	Wuchiapingian
265.8000	260.4000	Capitanian
268.0000	265.8000	Wordian
270.6000	268.0000	Roadian
411.2000	407.0000	Pragian
416.0000	411.2000	Lochkovian
421.3000	418.7000	Ludfordian
422.9000	421.3000	Gorstian
426.2000	422.9000	Homerian
428.2000	426.2000	Sheinwoodian
436.0000	428.2000	Telychian
439.0000	436.0000	Aeronian
443.7000	439.0000	Rhuddanian
445.6000	443.7000	Hirnantian
455.8000	445.6000	Katian
460.9000	455.8000	Sandbian
468.1000	460.9000	Darriwilian
471.8000	468.1000	Dapingian
478.6000	471.8000	Floian
492.0000	488.3000	Stage 10
496.0000	492.0000	Stage 9
499.0000	496.0000	Paibian
503.0000	499.0000	Guzhangian
506.5000	503.0000	Drumian
510.0000	506.5000	Stage 5
515.0000	510.0000	Stage 4
521.0000	515.0000	Stage 3
528.0000	521.0000	Stage 2
542.0000	528.0000	Fortunian
61.7000	58.7000	Selandian
0.0117	0.0000	Holocene
2.5880	0.0117	Pleistocene
5.3320	2.5880	Pliocene
23.0300	5.3320	Miocene
33.9000	23.0300	Oligocene
55.8000	33.9000	Eocene
65.5000	55.8000	Paleocene
99.6000	65.5000	Late Cretaceous
145.5000	99.6000	Early Cretaceous
161.2000	145.5000	Late Jurassic
175.6000	161.2000	Middle Jurassic
199.6000	175.6000	Early Jurassic
228.0000	199.6000	Late Triassic
245.0000	228.0000	Middle Triassic
260.4000	251.0000	Late Permian
270.6000	260.4000	Guadalupian
299.0000	270.6000	Early Permian
318.1000	299.0000	Pennsylvanian
359.2000	318.1000	Mississippian
385.3000	359.2000	Late Devonian
397.5000	385.3000	Middle Devonian
416.0000	397.5000	Early Devonian
422.9000	416.0000	Late Silurian
418.7000	416.0000	Pridoli
422.9000	418.7000	Ludlow
428.2000	422.9000	Wenlock
443.7000	422.9000	Early Silurian
443.7000	428.2000	Llandovery
460.9000	443.7000	Late Ordovician
471.8000	460.9000	Middle Ordovician
488.3000	471.8000	Early Ordovician
501.0000	488.3000	Late Cambrian
513.0000	501.0000	Middle Cambrian
542.0000	513.0000	Early Cambrian
542.0000	513.0000	Waucoban
513.0000	501.0000	Albertan
146.0000	142.0000	Portlandian
326.4000	315.0000	Namurian
251.0000	245.0000	Early Triassic
1800.0000	1600.0000	Hudsonian
1400.0000	1300.0000	Elsonian
260.4000	251.0000	Lopingian
299.0000	270.6000	Cisuralian
499.0000	488.3000	Furongian
510.0000	499.0000	Epoch 3
521.0000	510.0000	Epoch 2
542.0000	521.0000	Terreneuvian
23.0300	2.5880	Neogene
65.5000	23.0300	Paleogene
145.5000	65.5000	Cretaceous
199.6000	145.5000	Jurassic
251.0000	199.6000	Triassic
299.0000	251.0000	Permian
359.2000	299.0000	Carboniferous
416.0000	359.2000	Devonian
443.7000	416.0000	Silurian
488.3000	443.7000	Ordovician
542.0000	488.3000	Cambrian
850.0000	542.0000	Hadrynian
2500.0000	1600.0000	Aphebian
1600.0000	1300.0000	Paleohelikian
1300.0000	850.0000	Neohelikian
2800.0000	2500.0000	Kenoran
635.0000	542.0000	Ediacaran
850.0000	635.0000	Cryogenian
1000.0000	850.0000	Tonian
1200.0000	1000.0000	Stenian
1400.0000	1200.0000	Ectasian
1600.0000	1400.0000	Calymmian
1800.0000	1600.0000	Statherian
2050.0000	1800.0000	Orosirian
2300.0000	2050.0000	Rhyacian
2500.0000	2300.0000	Siderian
65.5000	0.0000	Cenozoic
251.0000	65.5000	Mesozoic
542.0000	251.0000	Paleozoic
1000.0000	542.0000	Neoproterozoic
1600.0000	1000.0000	Mesoproterozoic
2500.0000	1600.0000	Paleoproterozoic
2800.0000	2500.0000	Neoarchean
3200.0000	2800.0000	Mesoarchean
3600.0000	3200.0000	Paleoarchean
4000.0000	3600.0000	Eoarchean
2500.0000	542.0000	Proterozoic
4000.0000	542.0000	Precambrian
4000.0000	2500.0000	Archean
542.0000	0.0000	Phanerozoic
1.8060	0.0781	Calabrian
0.7810	0.1260	Ionian
0.3000	0.0000	NN21
0.5000	0.3000	NN20
2.0000	0.5000	NN19
2.5000	2.0000	NN18
2.6000	2.5000	NN17
3.7500	2.6000	NN16
4.0000	3.7500	NN15
4.1500	4.0000	NN14
5.0000	4.1500	NN13
5.6000	5.0000	NN12
8.6000	5.6000	NN11
9.4000	8.6000	NN10
10.7000	9.4000	NN9
10.9000	10.7000	NN8
11.8000	10.9000	NN7
13.6000	11.8000	NN6
15.6000	13.6000	NN5
18.3000	15.6000	NN4
19.0000	18.3000	NN3
22.2000	19.0000	NN2
23.9000	22.2000	NN1
27.5000	23.9000	NP25
29.9000	27.5000	NP24
32.3000	29.9000	NP23
32.8000	32.3000	NP22
34.2000	32.8000	NP21
36.0000	34.2000	NP19-20
37.0000	36.0000	NP18
40.4000	37.0000	NP17
43.4000	40.4000	NP16
47.3000	43.4000	NP15
49.7000	47.3000	NP14
50.6000	49.7000	NP13
52.8500	50.6000	NP12
53.6100	52.8500	NP11
55.0000	53.6100	NP10
56.2000	55.0000	NP9
57.3000	56.2000	NP8
57.5000	57.3000	NP7
58.4000	57.5000	NP6
59.7000	58.4000	NP5
62.2000	59.7000	NP4
63.8000	62.2000	NP3
64.5000	63.8000	NP2
65.0000	64.5000	NP1
66.6000	65.0000	CC26
69.2000	66.6000	CC25
70.6000	69.2000	CC24
76.0000	70.6000	CC23
76.8000	76.0000	CC22
77.6000	76.8000	CC21
79.0000	77.6000	CC20
81.0000	79.0000	CC19
83.8000	81.0000	CC18
84.2000	83.8000	CC17
85.0000	84.2000	CC16
85.8000	85.0000	CC15
88.0000	85.8000	CC14
89.3000	88.0000	CC13
91.0000	89.3000	CC12
93.5000	91.0000	CC11
95.7000	93.5000	CC10
103.0000	95.7000	CC9
112.2000	103.0000	CC8
125.4000	112.2000	CC7
129.0000	125.4000	CC6
132.7000	129.0000	CC5
137.4000	132.7000	CC4
139.8000	137.4000	CC3
142.4000	139.8000	CC2
144.0000	142.4000	CC1
149.2000	144.0000	NJ17
151.2000	149.2000	NJ16
159.7000	151.2000	NJ15
161.4000	159.7000	NJ14
163.4000	161.4000	NJ13
165.4000	163.4000	NJ12
168.0000	165.4000	NJ11
170.3000	168.0000	NJ10
171.2000	170.3000	NJ9
177.2000	171.2000	NJ8
181.0000	177.2000	NJ7
182.8000	181.0000	NJ6
185.5000	182.8000	NJ5
189.0000	185.5000	NJ4
193.3000	189.0000	NJ3
196.5000	193.3000	NJ2
199.6000	196.5000	NJ1
0.3400	0.0000	Haweran
1.6300	0.3400	Castlecliffian
2.4000	1.6300	Nukumaruan
3.0000	2.4000	Mangapanian
3.6000	3.0000	Waipipian
5.2800	3.6000	Opoitian
6.5000	5.2800	Kapitean
10.9200	6.5000	Tongaporutuan
12.7000	10.9200	Waiauan
15.1000	12.7000	Lillburnian
15.9000	15.1000	Clifdenian
19.0000	15.9000	Altonian
21.7000	19.0000	Otaian
25.2000	21.7000	Waitakian
27.3000	25.2000	Duntroonian
34.3000	27.3000	Whaingaroan
36.0000	34.3000	Runangan
37.0000	36.0000	Kaiatan
43.0000	37.0000	Bortonian
46.2000	43.0000	Porangan
49.5000	46.2000	Heretaungan
53.0000	49.5000	Mangaorapan
55.5000	53.0000	Waipawan
65.0000	55.5000	Teurian
84.0000	65.0000	Haumurian
86.5000	84.0000	Piripauan
89.1000	86.5000	Teratan
92.1000	89.1000	Mangaotanean
95.2000	92.1000	Arowhanan
100.2000	95.2000	Ngaterian
103.3000	100.2000	Motuan
108.4000	103.3000	Urutawan
117.5000	108.4000	Korangan
450.0000	443.7000	Richmondian-Hirnantian
459.0000	453.5000	Rocklandian-Shermanian
453.5000	450.0000	Edenian-Maysvillian
61.7000	55.8000	Selandian-Thanetian
270.6000	268.0000	Ufimian
306.5000	299.0000	Stephanian
315.0000	306.5000	Westphalian
63.3000	60.2000	Torrejonian
60.2000	56.8000	Tiffanian
50.3000	46.2000	Bridgerian
46.2000	42.0000	Uintan
42.0000	38.0000	Duchesnean
38.0000	33.9000	Chadronian
30.8000	26.3000	Geringian
26.3000	24.8000	Monroecreekian
24.8000	20.6000	Harrisonian
20.6000	16.3000	Hemingfordian
16.3000	13.6000	Barstovian
13.6000	10.3000	Clarendonian
10.3000	4.9000	Hemphillian
4.9000	1.8060	Blancan
2.5880	0.0000	Quaternary
6.6575	0.0000	Cenozoic 8
15.0750	6.6575	Cenozoic 7
23.9825	15.0750	Cenozoic 6
32.0075	23.9825	Cenozoic 5
39.2250	32.0075	Cenozoic 4
47.5500	39.2250	Cenozoic 3
56.4250	47.5500	Cenozoic 2
64.3250	56.4250	Cenozoic 1
72.5000	64.3250	Cretaceous 8
82.7500	72.5000	Cretaceous 7
92.5000	82.7500	Cretaceous 6
101.1500	92.5000	Cretaceous 5
112.1500	101.1500	Cretaceous 4
124.6000	112.1500	Cretaceous 3
135.8000	124.6000	Cretaceous 2
144.5500	135.8000	Cretaceous 1
153.0000	144.5500	Jurassic 6
162.9500	153.0000	Jurassic 5
172.7000	162.9500	Jurassic 4
181.8000	172.7000	Jurassic 3
190.4500	181.8000	Jurassic 2
201.3500	190.4500	Jurassic 1
215.1500	201.3500	Triassic 4
229.3500	215.1500	Triassic 3
242.2500	229.3500	Triassic 2
251.8500	242.2500	Triassic 1
260.6000	251.8500	Permian 4
271.5000	260.6000	Permian 3
284.6000	271.5000	Permian 2
297.2500	284.6000	Permian 1
307.5500	297.2500	Carboniferous 5
319.7000	307.5500	Carboniferous 4
334.9500	319.7000	Carboniferous 3
348.9500	334.9500	Carboniferous 2
361.7500	348.9500	Carboniferous 1
374.1500	361.7500	Devonian 5
383.8500	374.1500	Devonian 4
394.1500	383.8500	Devonian 3
407.0500	394.1500	Devonian 2
418.3500	407.0500	Devonian 1
429.5000	418.3500	Silurian 2
441.2500	429.5000	Silurian 1
450.8000	441.2500	Ordovician 5
459.1000	450.8000	Ordovician 4
467.8500	459.1000	Ordovician 3
478.5000	467.8500	Ordovician 2
490.0000	478.5000	Ordovician 1
501.2500	490.0000	Cambrian 4
514.2500	501.2500	Cambrian 3
528.0000	514.2500	Cambrian 2
459.0000	457.0000	Rocklandian-Kirkfield
542.0000	528.0000	Cambrian 1
65.5000	2.5880	Tertiary
65.5000	33.9000	Early Tertiary
33.9000	23.0300	Middle Tertiary
23.0300	2.5880	Late Tertiary
65.5000	61.7000	Early Paleocene
61.7000	58.7000	Middle Paleocene
58.7000	55.8000	Late Paleocene
55.8000	48.6000	Early Eocene
48.6000	37.2000	Middle Eocene
37.2000	33.9000	Late Eocene
33.9000	28.4000	Early Oligocene
28.4000	23.0300	Late Oligocene
23.0300	15.9700	Early Miocene
15.9700	11.6080	Middle Miocene
11.6080	5.3320	Late Miocene
5.3320	3.6000	Early Pliocene
3.6000	2.5880	Late Pliocene
2.5880	1.8060	Early Pleistocene
1.8060	0.0781	Late Pleistocene
1000.0000	488.3000	Neoproterozoic-Cambrian
1000.0000	251.0000	Neoproterozoic-Paleozoic
2500.0000	488.3000	Proterozoic-Cambrian
2500.0000	251.0000	Proterozoic-Paleozoic
4000.0000	488.3000	Precambrian-Cambrian
4000.0000	251.0000	Precambrian-Paleozoic
4000.0000	0.0000	Precambrian-Phanerozoic
65.500	0.000	Cenozoic
252.300	65.500	Mesozoic
542.000	252.300	Paleozoic
635.000	542.000	Sinian
1650.000	635.000	Riphean
1650.000	1650.000	Animikean
1650.000	1650.000	Huronian
1650.000	1650.000	Randian
1650.000	1650.000	Swazian
1650.000	1650.000	Isuan
4560.000	1650.000	Hadean
2.588	0.000	Quaternary
65.500	2.588	Tertiary
145.500	65.500	Cretaceous
201.600	145.500	Jurassic
252.300	201.600	Triassic
298.900	252.300	Permian
360.700	298.900	Carboniferous
416.000	360.700	Devonian
443.700	416.000	Silurian
488.300	443.700	Ordovician
542.000	488.300	Cambrian
635.000	542.000	Vendian
723.000	663.000	Sturtian
23.030	2.588	Neogene
65.500	23.030	Paleogene
318.100	298.900	Pennsylvanian
360.700	318.100	Mississippian
0.012	0.000	Holocene
2.588	0.012	Pleistocene
5.332	2.588	Pliocene
23.030	5.332	Miocene
33.900	23.030	Oligocene
55.800	33.900	Eocene
65.500	55.800	Paleocene
259.000	252.300	Zechstein
298.900	254.000	Rotliegendes
303.400	298.900	Gzhelian
306.950	303.400	Kasimovian
314.600	306.950	Moscovian
318.100	314.600	Bashkirian
326.400	318.100	Serpukhovian
345.300	326.400	Visean
360.700	345.300	Tournaisian
418.700	416.000	Pridoli
422.900	418.700	Ludlow
428.200	422.900	Wenlock
443.700	428.200	Llandovery
449.500	443.700	Ashgill
460.900	449.500	Caradoc
466.000	449.500	Llandeilo
466.000	460.900	Llanvirn
478.600	466.000	Arenig
488.300	478.600	Tremadoc
501.000	488.300	Merioneth
513.000	501.000	St Davids
530.000	513.000	Caerfai
580.000	542.000	Ediacara
635.000	580.000	Varanger
1050.000	635.000	Karatau
1350.000	1050.000	Yurmatin
1650.000	1350.000	Burzyan
3950.000	3850.000	Nectarian
4150.000	3950.000	Basin Groups 1-9
4560.000	4150.000	Cryptic
89.300	65.500	Senonian
130.000	89.300	Gallic
145.500	130.000	Neocomian
3.600	2.588	Piacenzian
5.332	3.600	Zanclean
7.246	5.332	Messinian
11.608	7.246	Tortonian
13.650	11.608	Serravallian
15.970	13.650	Langhian
20.430	15.970	Burdigalian
23.030	20.430	Aquitanian
28.400	23.030	Chattian
33.900	28.400	Rupelian
37.200	33.900	Priabonian
40.400	37.200	Bartonian
48.600	40.400	Lutetian
55.800	48.600	Ypresian
58.700	55.800	Thanetian
65.500	61.700	Danian
70.600	65.500	Maastrichtian
83.500	70.600	Campanian
85.800	83.500	Santonian
89.300	85.800	Coniacian
93.500	89.300	Turonian
99.600	93.500	Cenomanian
112.030	99.600	Albian
125.450	112.030	Aptian
130.000	125.450	Barremian
136.400	130.000	Hauterivian
140.200	136.400	Valanginian
145.500	140.200	Berriasian
150.800	145.500	Tithonian
155.700	150.800	Kimmeridgian
161.200	155.700	Oxfordian
164.700	161.200	Callovian
167.700	164.700	Bathonian
171.600	167.700	Bajocian
175.600	171.600	Aalenian
183.000	175.600	Toarcian
189.600	183.000	Pliensbachian
196.500	189.600	Sinemurian
201.600	196.500	Hettangian
205.600	201.600	Rhaetian
221.500	205.600	Norian
235.000	221.500	Carnian
242.000	235.000	Ladinian
247.200	242.000	Anisian
251.300	247.200	Spathian
252.300	247.200	Nammalian
252.300	251.300	Griesbachian
460.900	455.800	Sandbian
259.000	254.000	Longtanian
265.000	259.000	Capitanian
268.000	265.000	Wordian
279.500	272.500	Ufimian
279.500	272.500	Kungurian
290.100	279.500	Artinskian
295.000	290.100	Sakmarian
298.900	295.000	Asselian
301.200	300.200	Noginian
303.400	301.200	Klazminskian
304.800	303.400	Dorogovilovian
305.900	304.800	Khamovnichean
306.950	305.900	Krevyakian
309.000	306.950	Myachkovian
311.450	309.000	Podolskian
313.800	311.450	Kashirian
314.600	313.800	Vereian
318.100	314.600	Melekesian
318.100	314.600	Cheremshanian
318.100	314.600	Yeadonian
318.100	314.600	Marsdenian
318.100	314.600	Kinderscoutian
318.100	314.600	Alportian
318.100	314.600	Chokierian
326.400	318.100	Arnsbergian
326.400	318.100	Pendleian
336.000	326.400	Brigantian
339.400	336.000	Asbian
342.800	339.400	Holkerian
345.000	342.800	Arundian
345.300	345.000	Chadian
353.800	345.300	Ivorian
360.700	353.800	Hastarian
376.100	360.700	Famennian
383.700	376.100	Frasnian
388.100	383.700	Givetian
391.900	388.100	Eifelian
409.100	391.900	Emsian
412.300	409.100	Pragian
416.000	412.300	Lochkovian
421.300	418.700	Ludfordian
422.900	421.300	Gorstian
425.400	422.900	Gleedonian
426.200	425.400	Whitwellian
428.200	426.200	Sheinwoodian
436.000	428.200	Telychian
439.000	436.000	Aeronian
443.700	439.000	Rhuddanian
445.600	443.700	Hirnantian
455.800	445.600	Rawtheyan
449.500	445.600	Cautleyan
449.500	445.600	Pusgillian
452.000	449.500	Onnian
455.800	452.000	Actonian
455.800	452.000	Marshbrookian
457.500	455.800	Longvillian
457.500	455.800	Soudleyan
457.500	455.800	Harnagian
460.900	457.500	Costonian
501.000	488.300	Dolgellian
501.000	488.300	Maentwrogian
513.000	501.000	Menevian
513.000	501.000	Solvan
516.000	513.000	Lenian
520.000	516.000	Atdabanian
530.000	520.000	Tommotian
580.000	530.000	Poundian
580.000	580.000	Wonokan
580.000	580.000	Mortensnes
723.000	635.000	Smalfjord
4.900	1.800	Blancan
10.300	4.900	Hemphillian
13.600	10.300	Clarendonian
15.970	13.600	Barstovian
20.430	15.970	Hemingfordian
30.800	20.430	Arikareean
33.300	30.800	Whitneyan
33.900	33.300	Orellan
37.200	33.900	Chadronian
40.400	37.200	Duchesnean
46.200	40.400	Uintan
50.300	46.200	Bridgerian
55.800	50.300	Wasatchian
56.800	55.800	Clarkforkian
61.700	56.800	Tiffanian
63.300	61.700	Torrejonian
65.500	61.700	Dragonian
65.500	63.300	Puercan
0.300	0.012	Rancholabrean
1.800	0.300	Irvingtonian
0.300	0.012	Sheridanian
1.800	0.300	Cudahyan
1.800	0.300	Sappan
4.900	1.800	"Senecan"
4.900	1.800	Rexroadian
50.300	46.200	Twinbuttean
50.300	46.200	Blacksforkian
50.300	46.200	Gardnerbuttian
55.800	50.300	Lostcabinian
55.800	50.300	Lysitean
55.800	50.300	Graybullian
55.800	50.300	Sandcouleean
56.800	55.800	Cf3
56.800	55.800	Cf2
56.800	55.800	Cf1
61.700	56.800	Ti6
61.700	56.800	Ti5
61.700	56.800	Ti4
61.700	56.800	Ti3
61.700	56.800	Ti2
61.700	56.800	Ti1
63.300	61.700	To3
63.300	61.700	To2
63.300	61.700	To1
65.500	63.300	Pu3
65.500	63.300	Pu2
65.500	63.300	Pu1
24.800	20.430	Harrisonian
26.300	24.800	Monroecreekian
30.800	26.300	Geringian
3.200	2.588	Villanyian
5.332	3.200	Ruscinian
8.700	5.332	Turolian
11.608	8.700	Vallesian
15.970	11.608	Astaracian
20.000	15.970	Orleanian
23.030	20.000	Agenian
2.588	1.806	MN 17
3.200	2.588	MN 16
4.200	3.200	MN 15
4.900	4.200	MN 14
7.246	4.900	MN 13
7.750	7.246	MN 12
8.700	7.750	MN 11
9.700	8.700	MN 10
11.100	9.700	MN 9
12.750	11.100	MN 7 + 8
13.650	12.750	MN 6
15.970	13.650	MN 5
16.900	15.970	MN 4
20.000	16.900	MN 3
22.400	20.000	MN 2
23.030	22.400	MN 1
501.000	488.300	Dolgelly
501.000	488.300	Ffestiniog
501.000	488.300	Maentwrog
513.000	501.000	Clogau
513.000	501.000	Gamlan
513.000	501.000	Barmouth
513.000	501.000	Hafotty
516.000	513.000	Rhinog
520.000	516.000	Llanbedr
530.000	516.000	Dolwen
501.000	488.300	Trempealeauan
501.000	488.300	Franconian
501.000	488.300	Dresbachian
513.000	501.000	Albertian
530.000	513.000	Waucoban
445.600	443.700	Kosov
449.500	445.600	Kraluv Dvur
457.500	445.600	Bohdalec
457.500	455.800	Zahorany
457.500	455.800	Vinice
460.900	455.800	Letna
460.900	457.500	Liben
466.000	460.900	Dobrotiva
466.000	466.000	Sarka
478.600	466.000	Klabava
445.600	443.700	Porkuni
449.500	445.600	Pirgu
452.000	445.600	Vormsi
452.000	449.500	Nabala
455.800	452.000	Rakvere
457.500	452.000	Oandu
460.900	455.800	Keila
457.500	449.500	Johvi
460.900	455.800	Idavere
460.900	449.500	Kukruse
466.000	460.900	Uhaku
463.500	460.900	Lasnamagi
463.500	460.900	Aseri
468.100	463.500	Kunda
471.800	468.100	Volkhov
484.500	471.800	Latorp
501.000	484.500	Olentian
445.600	443.700	Gamach
449.500	445.600	Richmond
452.000	445.600	Maysville
460.900	449.500	Edenian
457.500	112.030	Sherman
457.500	455.800	Kirkfield
457.500	455.800	Rockland
460.900	457.500	Black River
466.000	457.500	Chazy
468.100	460.900	Whiterock
478.600	468.100	Cassinian
488.300	468.100	Jefferson
488.300	478.600	Deming
488.300	478.600	Gasconadian
418.700	416.000	Red Downtonian
418.700	416.000	Temeside Shales
418.700	416.000	Downton Castle
421.300	418.700	Whitcliffe
421.300	418.700	Leintwardine
422.900	421.300	Bringewood
422.900	421.300	Elton
425.400	422.900	Wenlock (England)
425.400	422.900	Tickwood
428.200	422.900	Coalbrookdale
428.200	426.200	Buildwas
436.000	428.200	Woolhope
439.000	428.200	Wych
443.700	439.000	Cowleigh Park
418.700	416.000	Pridolischichten
425.400	418.700	Kopaninaschichten
443.700	422.900	Litenschichten
418.700	416.000	Sundre
421.300	418.700	Hamra
421.300	418.700	Burgsvik
421.300	418.700	Eke
425.400	418.700	Hemse
428.200	422.900	Mulde
428.200	426.200	Slite
428.200	426.200	Hogklint
428.200	426.200	Upper Visby
436.000	428.200	Lower Visby
422.900	416.000	Cayugan
428.200	422.900	Lockportian
436.000	426.200	Tonawandan
439.000	428.200	Ontarian
443.700	436.000	Alexandrian
376.100	353.800	Pilton
376.100	360.700	Baggy
376.100	360.700	Upcott
376.100	360.700	Pickwell Down
388.100	376.100	Morte
388.100	383.700	Ilfracombe
391.900	388.100	Hangman
409.100	388.100	Lynton
412.300	391.900	Brecon
416.000	412.300	Ditton
418.700	412.300	Downton
383.700	360.700	Famennien
388.100	376.100	Frasnien
388.100	383.700	Givetien
409.100	383.700	Couvinien
412.300	391.900	Coblencien
416.000	412.300	Gedinnine
376.100	360.700	Wocklum
376.100	360.700	Dasberg
376.100	360.700	Hemberg
376.100	360.700	Nehden
388.100	376.100	Adorf
388.100	383.700	Givet
391.900	388.100	Eifel
409.100	391.900	Ems
412.300	409.100	Siegen
416.000	412.300	Gedinne
388.100	383.700	Srbsko
391.900	388.100	Chotec
409.100	388.100	Daleje
409.100	391.900	Zlichovian
412.300	391.900	Pragian (Czechoslovakia)
416.000	409.100	Lochkovian (Czechoslovakia)
376.100	360.700	Conewango
376.100	360.700	Conneaut
376.100	360.700	Canadaway
383.700	376.100	West Falls
383.700	376.100	Sonyea
388.100	376.100	Genesee
388.100	383.700	Taghanic
388.100	383.700	Tioughnioga
391.900	383.700	Cazenovia
391.900	388.100	Southwood
409.100	391.900	Sawkill
409.100	391.900	Deer Park
416.000	391.900	Helderberg
306.950	298.900	Stephanian
318.100	306.950	Westphalian
326.400	314.600	Namurian
303.400	301.200	Stephanian C
304.800	303.400	Stephanian B
305.900	304.800	Stephanian A
311.450	305.900	Cantabrian
311.450	306.950	Westphalian D
314.600	311.450	Westphalian C
314.600	314.600	Westphalian B
318.100	314.600	Westphalian A
303.400	295.000	Virgilian
305.900	303.400	Missourian
313.800	305.900	Desmoinesian
318.100	311.450	Atokan
318.100	314.600	Morrowan
339.400	318.100	Chesterian
345.000	336.000	Meramecian
353.800	342.800	Osagean
360.700	353.800	Kinderhookian
265.000	252.300	Buntsandstein
265.000	259.000	Ohre
265.000	259.000	Aller
268.000	265.000	Leine
268.000	265.000	Stassfurt Evaporites
268.000	265.000	Hauptdolomitstinkschiefer
279.500	272.500	Werra
279.500	272.500	Zechsteinkalk
279.500	272.500	Kupferschiefer
279.500	272.500	Weissliegendes
254.000	252.300	Dewey Lake
259.000	254.000	Rustler
259.000	254.000	Salado
259.000	254.000	Castile
265.000	259.000	Capitan
268.000	265.000	Word
290.100	268.000	Leonard
296.400	268.000	Wolfcamp
168.400	167.700	Epizigzagiceras
171.600	168.400	Rotundum
171.600	168.400	Oblatum
171.600	168.400	Kirschneri
171.600	168.400	Crassicostatus
171.600	168.400	Widebayense
175.600	171.600	Howelli
175.600	171.600	Scissum
175.600	171.600	Westermanni
180.100	175.600	Yakounensis
180.100	175.600	Hillebrandti
180.100	175.600	Crassicosta
182.000	180.100	Planulata
183.000	182.000	Kanense
184.100	183.000	Carlottense
185.700	184.100	Kunae
186.700	185.700	Freboldi
189.600	186.700	Whiteavesi
189.600	186.700	Imlayi
190.700	186.700	Tetraspidoceras
196.500	190.700	Plesechioceras harbledownense
196.500	190.700	Asteroceras varians
196.500	189.600	Arnioceras arnouldi
196.500	190.700	Coroniceras
196.600	190.700	Canadensis
196.600	196.500	Pseudaetomoceras
201.600	196.600	Franziceras
201.600	196.600	Euphyllites
201.600	196.500	Psiloceras
171.600	167.700	Parkinsoni
171.600	167.700	Garantiana
171.600	167.700	Subfurcatum
171.600	168.400	Humphresianum
171.600	167.700	Sauzei
171.600	167.700	Laeviuscula
171.600	167.700	Discites
175.600	171.600	Concavum
175.600	171.600	Murchisonae
175.600	171.600	Opalinum
182.000	175.600	Levesquei
180.100	175.600	Thouarsense
182.000	175.600	Variabilis
182.000	175.600	Bifrons
183.000	182.000	Falciferum
183.000	182.000	Tenuicostatum
189.600	183.000	Spinatum
189.600	183.000	Margaritatus
189.600	183.000	Davoei
189.600	183.000	Ibex
189.600	183.000	Jamesoni
196.500	189.600	Raricostatum
196.500	189.600	Oxynotum
196.500	189.600	Obtusum
196.500	189.600	Turneri
196.500	189.600	Semicostatum
196.500	189.600	Bucklandi
201.600	196.500	Angulata
201.600	196.500	Liasicus
201.600	196.500	Planorbis
460.900	449.500	Trentonian
\N	\N	Porterfieldian
468.100	460.900	Darriwilian
460.900	449.500	Wildernessian
460.900	449.500	Ashbyan
488.300	478.600	Tremadocian
452.500	443.700	Cincinnatian
457.500	452.500	Mohawkian
471.800	457.500	Whiterockian
488.300	471.800	Ibexian
449.500	443.700	Gamachian
449.500	443.700	Richmondian
452.000	449.500	Maysvillian
460.900	449.500	Chatfieldian
460.900	449.500	Turinian
471.800	468.100	Rangerian
478.600	471.800	Blackhillsian
488.300	471.800	Tulean
488.300	478.600	Stairsian
488.300	478.600	Skullrockian
452.000	443.700	Harju
463.500	452.000	Viru
488.300	463.500	Oeland
455.800	449.500	Streffordian
455.800	452.000	Cheneyan
457.500	455.800	Burrellian
460.900	457.500	Aurelucian
466.000	460.900	Llandeilian
466.000	460.900	Abereiddian
471.800	466.000	Fennian
478.600	471.800	Whitlandian
478.600	471.800	Moridunian
488.300	478.600	Migneintian
488.300	478.600	Cressagian
455.800	452.000	Woolstonian
460.900	457.500	Volfreyan
460.900	457.500	Dobrotivian
466.000	460.900	Oretanian
445.600	443.700	Kosovian
449.500	445.600	Kralodvorian
460.900	449.500	Berounian
468.100	460.900	Llanvirnian
478.600	468.100	Arenigian
449.500	443.700	Bolindian
456.100	449.500	Eastonian
460.900	456.100	Gisbornian
468.900	466.000	Yapeenian
472.000	468.900	Castlemainian
473.900	472.000	Chewtonian
476.800	473.900	Bendigonian
488.300	476.800	Lancefieldian
488.300	478.600	Warendian
449.500	443.700	Qiantianjiang
460.900	443.700	Aijiashan
478.600	460.900	Yangtzi
488.300	478.600	Yichang
449.500	443.700	Wufeng
460.900	443.700	Xiaoxita
468.100	460.900	Guniu
478.600	468.100	Dawan
478.600	468.100	Daobaowan
488.300	478.600	Lianghekou
460.900	443.700	Shikou
460.900	449.500	Hanjiang
468.100	460.900	Hulo
478.600	468.100	Ningkuo
488.300	468.100	Hunjiang
449.500	443.700	Chientangkiangian
460.900	449.500	Neichiashanian
468.100	460.900	Zhejiangian
478.600	468.100	Yushanian
488.300	478.600	Ichangian
478.600	468.100	Valhallan
460.900	449.500	Haljala
488.300	484.500	Varangu
488.300	484.500	Pakerort
466.000	460.900	Aluoja
471.800	466.000	Valaste
471.800	466.000	Hunderum
471.800	468.100	Langevoja
471.800	468.100	Vaana
471.800	468.100	Saka
478.600	471.800	Billingen
484.500	471.800	Hunneberg
460.900	449.500	Franklinian
449.500	443.700	Ashgillian
460.900	449.500	Caradocian
471.800	468.100	Volkhovian
478.600	471.800	Latorpian
460.900	449.500	Kirkfieldian
460.900	449.500	Rocklandian
488.300	468.100	Canadian
460.900	449.500	Shermanian
460.900	449.500	Blackriveran
468.100	460.900	Chazyan
468.100	460.900	Marmor
488.300	468.100	Jeffersonian
488.300	478.600	Demingian
251.300	247.200	Olenekian
252.300	251.300	Induan
212.000	205.600	Sevatian
215.560	212.000	Alaunian
221.500	215.560	Lacian
232.000	221.500	Tuvalian
235.000	232.000	Julian
242.000	235.000	Longobardian
242.000	235.000	Fassanian
247.200	242.000	Illyrian
247.200	242.000	Pelsonian
247.200	242.000	Bithynian
247.200	242.000	Aegean
251.300	247.200	Smithian
252.300	251.300	Dienerian
254.000	252.300	Changhsingian
259.000	254.000	Wuchiapingian
272.500	268.000	Roadian
0.781	0.012	Lujanian
1.200	0.781	Ensenadan
3.000	1.200	Uquian
4.000	3.000	Chapadmalalan
6.800	4.000	Montehermosan
9.000	6.800	Huayquerian
10.000	9.000	Chasicoan
11.800	10.000	Mayoan
13.800	11.800	Laventan
15.500	13.800	Colloncuran
16.300	15.500	Friasian
17.500	16.300	Santacrucian
21.000	17.500	Colhuehuapian
29.000	21.000	Deseadan
36.000	29.000	Tinguirirican
42.000	36.000	Divisaderan
48.000	42.000	Mustersan
55.800	48.000	Casamayoran
57.000	55.800	Riochican
59.000	57.000	Itaboraian
62.500	59.000	Peligran
65.500	62.500	Tiupampan
1.806	0.781	Calabrian
2.588	1.806	Gelasian
455.800	445.600	Katian
61.700	58.700	Selandian
70.600	65.500	Lancian
70.600	65.500	Edmontonian
83.500	70.600	Judithian
83.500	70.600	Aquilan
542.000	530.000	Manykaian
516.000	513.000	Toyonian
516.000	513.000	Botomian
542.000	0.000	Phanerozoic
2500.000	542.000	Proterozoic
4560.000	2500.000	Archean
1000.000	542.000	Neoproterozoic
1600.000	1000.000	Mesoproterozoic
2500.000	1600.000	Paleoproterozoic
2800.000	2500.000	Neoarchean
3200.000	2800.000	Mesoarchean
3600.000	3200.000	Paleoarchean
4560.000	3600.000	Eoarchean
635.000	542.000	Ediacaran
723.000	635.000	Cryogenian
1000.000	723.000	Tonian
1600.000	1000.000	Stenian
1600.000	1000.000	Ectasian
1600.000	1000.000	Calymmian
2500.000	1600.000	Statherian
2500.000	1600.000	Orosirian
2500.000	1600.000	Rhyacian
2500.000	1600.000	Siderian
259.000	252.300	Lopingian
272.500	259.000	Guadalupian
298.900	272.500	Cisuralian
501.000	488.300	Furongian
418.700	416.000	unnamed Pridoli stage
426.200	422.900	Homerian
488.300	488.300	Mansian
498.500	488.300	Ketyan
498.500	488.300	Yurakian
501.000	498.500	Ensyan
501.000	498.500	Maduan
501.000	488.300	Tavgian
501.000	498.500	Nganasanian
505.000	501.000	Mayan
513.000	505.000	Amgan
542.000	530.000	Nemakit-Daldynian
488.300	488.300	Datsonian
494.000	488.300	Payntonian
498.500	494.000	Iverian
501.000	498.500	Idamean
501.000	498.500	Mindyallan
504.000	501.000	Boomerangian
505.000	504.000	Undillan
507.000	505.000	Floran
513.000	507.000	Templetonian
516.000	513.000	Ordian
498.500	488.300	Taoyuanian
501.000	498.500	Waergangian
501.000	498.500	Youshuanian
505.000	501.000	Wangcunian
513.000	505.000	Taijangian
516.000	513.000	Duyunian
516.000	513.000	Nangaoian
542.000	516.000	Meishucunian
542.000	516.000	Jinnigian
501.000	488.300	Millardan
513.000	498.500	Lincolnian
542.000	520.000	Begadean
498.500	488.300	Sunwaptan
501.000	488.300	Steptoean
513.000	498.500	Marjumian
513.000	505.000	Delamaran
516.000	513.000	Dyeran
530.000	516.000	Montezuman
488.300	478.600	Ungurian
498.500	488.300	Batyrbaian
498.500	488.300	Aksayan
501.000	488.300	Sakian
505.000	498.500	Ayusokkanian
505.000	501.000	Zhanarykian
513.000	505.000	Tyesaian
501.000	488.300	Merionethian
513.000	501.000	Arcadian
520.000	513.000	Branchian
542.000	516.000	Placentian
418.700	416.000	Ohesaare
418.700	416.000	Kaugetuma
421.300	418.700	Kuressaare
422.900	418.700	Paadla
426.200	422.900	Rootsikula
428.200	422.900	Jaagarahu
428.200	426.200	Jaani
439.000	428.200	Adavere
443.700	436.000	Raikkula
443.700	439.000	Juuru
298.900	295.000	Autunian
298.900	295.000	Lebach
301.200	298.900	Kuzel
259.000	252.300	Vyatkian
265.000	254.000	Severodvinian
268.000	265.000	Urzhumian
272.500	268.000	Povolzhian
272.500	268.000	Sokian
279.500	272.500	Irenian
279.500	272.500	Filipovian
279.500	272.500	Saranian
290.100	279.500	Sarginian
290.100	279.500	Irginian
290.100	279.500	Burtsevian
293.000	290.100	Sterlitamakian
295.000	293.000	Tastubian
296.400	295.000	Shikhanian
297.450	296.400	Uskalykian
298.900	297.450	Sjuranian
300.200	298.900	Melekhovian
302.200	301.200	Pavlovoposadian
303.400	302.200	Rusavkian
309.000	305.900	Peskovian
314.600	311.450	Tsninian
318.100	314.600	Prikarnian
318.100	314.600	Severokeltmenian
318.100	314.600	Krasnopolyanian
318.100	314.600	Voznesenian
326.400	314.600	Zapaltyubian
326.400	318.100	Protvian
326.400	318.100	Steshevian
326.400	318.100	Tarussian
336.000	326.400	Venevian
339.400	336.000	Mikhailovian
342.800	339.400	Aleksian
342.800	339.400	Tulian
345.000	342.800	Bobrikovian
345.300	345.000	Radaevian
353.800	345.000	Kosvinian
353.800	345.300	Kizolovian
360.700	353.800	Cherepetsian
360.700	353.800	Karakubian
360.700	353.800	Upinian
360.700	353.800	Malevian
360.700	353.800	Gumerovian
296.400	295.000	Bursumian
298.900	295.000	Mapingian
306.950	298.900	Xiaodushanian
314.600	303.400	Dalanian
318.100	314.600	Huashibanian
318.100	314.600	Luosuan
326.400	318.100	Dewunian
339.400	326.400	Shangsian
345.300	339.400	Jiusian
360.700	345.300	Tangbagouan
268.000	252.300	Tatarian
272.500	268.000	Kazanian
265.000	252.300	Pamirian
268.000	265.000	Murgabian
272.500	268.000	Kubergandian
279.500	272.500	Bolorian
290.100	272.500	Yakhtashian
295.000	290.100	Khoridzhian
298.900	295.000	Sebisurkhian
254.000	252.300	Chhidru
259.000	254.000	Kalabagh
265.000	254.000	Wargal
272.500	265.000	Amb
265.000	259.000	Lengwuan
272.500	265.000	Kuhfengian
279.500	272.500	Luodianian
295.000	279.500	Longlinian
298.900	290.100	Zisongian
5.332	0.000	Wanganui
10.920	5.332	Taranaki
15.900	10.920	Southland
21.700	15.900	Pareora
34.300	21.700	Landon
43.000	34.300	Arnold
65.500	43.000	Dannevirke
86.500	65.500	Mata
95.200	86.500	Raukumara
108.400	95.200	Clarence
145.500	108.400	Taitai
148.500	145.500	Oteke
175.600	148.500	Kawhia
201.600	175.600	Herangi
227.500	201.600	Balfour
252.300	227.500	Gore
259.000	251.300	DUrville
290.100	259.000	Aparima
0.340	0.000	Haweran
1.630	0.340	Castlecliffian
2.400	1.630	Nukumaruan
3.000	2.400	Mangapanian
3.600	3.000	Waipipian
5.332	3.600	Opoitian
6.500	5.332	Kapitean
11.608	6.500	Tongaporutuan
12.700	11.608	Waiauan
13.650	12.700	Lillburnian
15.900	13.650	Clifdenian
19.000	15.900	Altonian
21.700	19.000	Otaian
25.200	21.700	Waitakian
27.300	25.200	Duntroonian
34.300	27.300	Whaingaroan
36.000	34.300	Runangan
37.200	36.000	Kaiatan
43.000	37.200	Bortonian
46.200	43.000	Porangan
49.500	46.200	Heretaungan
53.000	49.500	Mangaorapan
55.800	53.000	Waipawan
65.500	55.800	Teurian
83.500	65.500	Haumurian
85.800	83.500	Piripauan
89.300	85.800	Teratan
92.100	89.300	Mangaotanean
95.200	92.100	Arowhanan
99.600	95.200	Ngaterian
103.300	99.600	Motuan
108.400	103.300	Urutawan
125.450	108.400	Korangan
148.500	145.500	Puaroan
153.500	148.500	Ohauan
161.200	153.500	Heterian
175.600	161.200	Temaikan
189.600	175.600	Ururoan
201.600	189.600	Aratauran
205.600	201.600	Otapirian
212.000	205.600	Warepan
221.500	212.000	Otamitan
227.500	221.500	Oretian
238.500	227.500	Kaihikuan
244.500	238.500	Etalian
251.300	244.500	Malakovian
252.300	247.200	Nelsonian
253.000	251.300	Makarewan
253.000	252.300	Waiitian
259.000	253.000	Puruhauan
265.000	259.000	Flettian
273.000	265.000	Barettian
280.000	273.000	Mangapirian
290.100	280.000	Telfordian
28.400	23.030	Tabenbulakian
33.900	23.030	Hsandagolian
33.900	28.400	Kekeamuan
37.200	33.900	Houldjinian
37.200	33.900	Ergilian
37.200	33.900	Ulangochuian
48.600	37.200	Sharamurunian
48.600	37.200	Irdinmanhan
48.600	37.200	Arshantan
55.800	48.600	Bumbanian
58.700	55.800	Gashatan
478.600	471.800	Floian
28.400	23.030	MP 30
28.400	23.030	MP 29
28.400	23.030	MP 28
28.400	23.030	MP 27
28.400	23.030	MP 26
33.900	23.030	MP 25
33.900	28.400	MP 24
33.900	28.400	MP 23
33.900	28.400	MP 22
33.900	28.400	MP 21
37.200	33.900	MP 20
37.200	33.900	MP 19
37.200	33.900	MP 18
37.200	33.900	MP 17B
37.200	33.900	MP 17A
40.400	37.200	MP 16
48.600	40.400	MP 15
48.600	40.400	MP 14
48.600	40.400	MP 13
48.600	40.400	MP 12
48.600	40.400	MP 11
55.800	48.600	MP 10
55.800	48.600	MP 8 + 9
55.800	48.600	MP 7
58.700	55.800	MP 6
65.500	55.800	MP 1 - 5
2.588	0.012	Nihewanian
4.900	2.588	Yushean
11.100	4.900	Baodean
13.650	11.100	Tunggurian
16.900	13.650	Shanwangian
23.030	16.900	Xiejiaan
11.608	7.246	Pannonian
12.700	11.608	Sarmatian
13.650	12.700	Badenian
272.500	268.000	Biarmian
251.300	247.200	Yarengian
252.300	247.200	Vetlugian
242.000	235.000	Bukobayian
247.200	235.000	Donguzian
252.300	247.200	Gamian
251.300	247.200	Fedorovkian
252.300	247.200	Ustmylian
252.300	247.200	Sludkian
252.300	247.200	Rybinskian
252.300	247.200	Vokhmian
279.500	272.500	Sheshmian
279.500	272.500	Solikamskian
471.800	468.100	Dapingian
635.000	580.000	Nyborg
513.000	501.000	Wulingian
516.000	513.000	Qiandongian
542.000	516.000	Diandongian
498.500	488.300	Niuchehean
501.000	498.500	Paibian
501.000	501.000	Guzhangian
0.126	0.012	Tarantian
0.781	0.126	Ionian
443.700	422.900	Niagaran
422.900	416.000	Salina
428.200	422.900	Lockport
439.000	426.200	Clinton
443.700	436.000	Medina
422.900	418.700	Kuimov
426.200	422.900	Chagyrka
436.000	426.200	Chesnokovka
436.000	428.200	Polaty
439.000	428.200	Syrovaty
443.700	436.000	Vtorye Utesy
205.600	201.600	Misikella ultima
205.600	201.600	Misikella rhaetica
205.600	201.600	Misikella posthernsteini-hernsteini
205.600	201.600	Misikella bidentata-posthernsteini
253.500	252.300	Meishanian
254.000	253.500	Baoqingian
258.100	254.000	Laoshanian
259.000	258.100	Laibinian
299.000	280.000	Wolfcampian
411.200	407.000	Siegenian
251.000	245.000	Scythian
40.400	37.000	NP17
10.900	10.700	NN8
11.800	10.900	NN7
13.600	11.800	NN6
416.000	411.200	Gedinnian
150.800	140.200	Jurassic-Cretaceous
280.000	270.600	Leonardian
19.000	18.300	NN3
15.600	13.600	NN5
18.300	15.600	NN4
299.000	270.600	Permian
443.700	422.900	Silurian
65.500	33.900	Tertiary
22.200	19.000	Nn2
